Date,Close,
07/02/2020,27100,
06/02/2020,27750,
05/02/2020,26550,
04/02/2020,26900,
03/02/2020,25150,
31/01/2020,24400,
30/01/2020,24350,
22/01/2020,25600,
21/01/2020,25300,
20/01/2020,25100,
17/01/2020,24950,
16/01/2020,24900,
15/01/2020,23600,
14/01/2020,23500,
13/01/2020,23200,
10/01/2020,23550,
09/01/2020,22450,
08/01/2020,21650,
07/01/2020,21700,
06/01/2020,21350,
03/01/2020,21300,
02/01/2020,21500,
31/12/2019,20900,
30/12/2019,21050,
27/12/2019,20650,
26/12/2019,20600,
25/12/2019,20600,
24/12/2019,20600,
23/12/2019,20550,
20/12/2019,20350,
19/12/2019,20150,
18/12/2019,20150,
17/12/2019,20250,
16/12/2019,20300,
13/12/2019,20600,
12/12/2019,20150,
11/12/2019,19850,
10/12/2019,20050,
09/12/2019,20150,
06/12/2019,20300,
05/12/2019,20100,
04/12/2019,20450,
03/12/2019,19600,
02/12/2019,19800,
29/11/2019,20450,
28/11/2019,20450,
27/11/2019,21050,
26/11/2019,21200,
25/11/2019,21150,
22/11/2019,21100,
21/11/2019,21300,
20/11/2019,21300,
19/11/2019,21500,
18/11/2019,21400,
15/11/2019,21700,
14/11/2019,21600,
13/11/2019,21850,
12/11/2019,22000,
11/11/2019,21950,
08/11/2019,22300,
07/11/2019,22250,
06/11/2019,22300,
05/11/2019,22400,
04/11/2019,22450,
01/11/2019,22300,
31/10/2019,22000,
30/10/2019,22150,
29/10/2019,22050,
28/10/2019,22000,
25/10/2019,22000,
24/10/2019,21500,
23/10/2019,21450,
22/10/2019,21600,
21/10/2019,21250,
18/10/2019,21600,
17/10/2019,21900,
16/10/2019,21900,
15/10/2019,21700,
14/10/2019,21700,
11/10/2019,21150,
10/10/2019,21150,
09/10/2019,21300,
08/10/2019,20750,
07/10/2019,20550,
04/10/2019,20600,
03/10/2019,21000,
02/10/2019,21000,
01/10/2019,21300,
30/09/2019,21150,
27/09/2019,21150,
26/09/2019,21150,
25/09/2019,20800,
24/09/2019,20750,
23/09/2019,21000,
20/09/2019,21100,
19/09/2019,21250,
18/09/2019,20800,
17/09/2019,20750,
16/09/2019,20750,
13/09/2019,20850,
12/09/2019,20150,
11/09/2019,19800,
10/09/2019,19750,
09/09/2019,19950,
06/09/2019,19900,
05/09/2019,19950,
04/09/2019,20000,
03/09/2019,19950,
30/08/2019,20200,
29/08/2019,20200,
28/08/2019,20250,
27/08/2019,20300,
26/08/2019,20300,
23/08/2019,20500,
22/08/2019,20600,
21/08/2019,20750,
20/08/2019,20600,
19/08/2019,20500,
16/08/2019,20500,
15/08/2019,20400,
14/08/2019,20500,
13/08/2019,20600,
12/08/2019,20350,
09/08/2019,20500,
08/08/2019,20450,
07/08/2019,20200,
06/08/2019,20200,
05/08/2019,20350,
02/08/2019,20350,
01/08/2019,20400,
31/07/2019,20750,
30/07/2019,20700,
29/07/2019,20900,
26/07/2019,21200,
25/07/2019,21250,
24/07/2019,21250,
23/07/2019,21650,
22/07/2019,21600,
19/07/2019,21850,
18/07/2019,21650,
17/07/2019,21900,
16/07/2019,21700,
15/07/2019,21500,
12/07/2019,21450,
11/07/2019,21550,
10/07/2019,21000,
09/07/2019,20950,
08/07/2019,20900,
05/07/2019,21150,
04/07/2019,21150,
03/07/2019,21050,
02/07/2019,20800,
01/07/2019,20850,
28/06/2019,19500,
27/06/2019,20650,
26/06/2019,20900,
25/06/2019,21050,
24/06/2019,21400,
21/06/2019,21400,
20/06/2019,21000,
19/06/2019,20250,
18/06/2019,20250,
17/06/2019,20450,
14/06/2019,20300,
13/06/2019,20150,
12/06/2019,20250,
11/06/2019,20500,
10/06/2019,20500,
07/06/2019,20450,
06/06/2019,20300,
05/06/2019,20100,
04/06/2019,20000,
03/06/2019,19900,
31/05/2019,20300,
30/05/2019,20650,
29/05/2019,20650,
28/05/2019,21000,
27/05/2019,21200,
24/05/2019,21200,
23/05/2019,21500,
22/05/2019,21550,
21/05/2019,21250,
20/05/2019,21350,
17/05/2019,21200,
16/05/2019,21100,
15/05/2019,21150,
14/05/2019,20550,
13/05/2019,20450,
10/05/2019,20300,
09/05/2019,20100,
08/05/2019,20450,
07/05/2019,20400,
06/05/2019,20450,
03/05/2019,20900,
02/05/2019,21000,
26/04/2019,21250,
25/04/2019,21050,
24/04/2019,21400,
23/04/2019,20850,
22/04/2019,20500,
19/04/2019,20800,
18/04/2019,21000,
17/04/2019,21450,
16/04/2019,21550,
12/04/2019,21850,
11/04/2019,21950,
10/04/2019,21900,
09/04/2019,22150,
08/04/2019,22300,
05/04/2019,21900,
04/04/2019,22000,
03/04/2019,21800,
02/04/2019,22000,
01/04/2019,22250,
29/03/2019,22450,
28/03/2019,22650,
27/03/2019,22500,
26/03/2019,22350,
25/03/2019,22150,
22/03/2019,22500,
21/03/2019,22100,
20/03/2019,23000,
19/03/2019,23100,
18/03/2019,23400,
15/03/2019,22700,
14/03/2019,22500,
13/03/2019,22550,
12/03/2019,22100,
11/03/2019,21100,
08/03/2019,21200,
07/03/2019,21500,
06/03/2019,21300,
05/03/2019,21250,
04/03/2019,21200,
01/03/2019,20800,
28/02/2019,20800,
27/02/2019,21150,
26/02/2019,21350,
25/02/2019,21300,
22/02/2019,21100,
21/02/2019,20400,
20/02/2019,20600,
19/02/2019,20500,
18/02/2019,20900,
15/02/2019,20800,
14/02/2019,20850,
13/02/2019,20850,
12/02/2019,20850,
11/02/2019,20700,
01/02/2019,20100,
31/01/2019,19700,
30/01/2019,20450,
29/01/2019,20750,
28/01/2019,20350,
25/01/2019,20200,
24/01/2019,20450,
23/01/2019,19950,
22/01/2019,19550,
21/01/2019,19450,
18/01/2019,18200,
17/01/2019,18450,
16/01/2019,18700,
15/01/2019,18900,
14/01/2019,18800,
11/01/2019,18800,
10/01/2019,18850,
09/01/2019,18350,
08/01/2019,17900,
07/01/2019,18150,
04/01/2019,18350,
03/01/2019,18100,
02/01/2019,19000,
28/12/2018,19300,
27/12/2018,19350,
26/12/2018,19300,
25/12/2018,19700,
24/12/2018,20350,
21/12/2018,20850,
20/12/2018,20200,
19/12/2018,20400,
18/12/2018,21450,
17/12/2018,21650,
14/12/2018,22350,
13/12/2018,23150,
12/12/2018,23500,
11/12/2018,23300,
10/12/2018,23100,
07/12/2018,24050,
06/12/2018,23950,
05/12/2018,24100,
04/12/2018,23900,
03/12/2018,24150,
30/11/2018,23000,
29/11/2018,22850,
28/11/2018,22750,
27/11/2018,22300,
26/11/2018,22500,
23/11/2018,22450,
22/11/2018,22950,
21/11/2018,23300,
20/11/2018,23200,
19/11/2018,23050,
16/11/2018,21950,
15/11/2018,21250,
14/11/2018,21200,
13/11/2018,22000,
12/11/2018,22450,
09/11/2018,22600,
08/11/2018,23200,
07/11/2018,23250,
06/11/2018,23250,
05/11/2018,23500,
02/11/2018,23500,
01/11/2018,22850,
31/10/2018,23400,
30/10/2018,22200,
29/10/2018,22100,
26/10/2018,22500,
25/10/2018,23000,
24/10/2018,23200,
23/10/2018,23650,
22/10/2018,24450,
19/10/2018,24700,
18/10/2018,24850,
17/10/2018,25300,
16/10/2018,25150,
15/10/2018,24750,
12/10/2018,25400,
11/10/2018,24600,
10/10/2018,26450,
09/10/2018,26700,
08/10/2018,26850,
05/10/2018,27100,
04/10/2018,27700,
03/10/2018,27500,
02/10/2018,27100,
01/10/2018,27050,
28/09/2018,27550,
27/09/2018,27600,
26/09/2018,27650,
25/09/2018,27800,
24/09/2018,28000,
21/09/2018,28100,
20/09/2018,27450,
19/09/2018,26800,
18/09/2018,26900,
17/09/2018,26600,
14/09/2018,26950,
13/09/2018,26650,
12/09/2018,26500,
11/09/2018,26950,
10/09/2018,26200,
07/09/2018,26500,
06/09/2018,25900,
05/09/2018,26050,
04/09/2018,25900,
31/08/2018,27150,
30/08/2018,27600,
29/08/2018,27000,
28/08/2018,27250,
27/08/2018,27200,
24/08/2018,26100,
23/08/2018,26100,
22/08/2018,26250,
21/08/2018,26500,
20/08/2018,25700,
17/08/2018,26000,
16/08/2018,26150,
15/08/2018,25200,
14/08/2018,25300,
13/08/2018,25750,
10/08/2018,24250,
09/08/2018,24050,
08/08/2018,23950,
07/08/2018,23050,
06/08/2018,22850,
03/08/2018,22850,
02/08/2018,22950,
01/08/2018,23200,
31/07/2018,23600,
30/07/2018,23850,
27/07/2018,23400,
26/07/2018,23000,
25/07/2018,22800,
24/07/2018,23550,
23/07/2018,23600,
20/07/2018,24700,
19/07/2018,24400,
18/07/2018,24900,
17/07/2018,24000,
16/07/2018,22800,
13/07/2018,22600,
12/07/2018,21800,
11/07/2018,20900,
10/07/2018,22350,
09/07/2018,22100,
06/07/2018,21900,
05/07/2018,20500,
04/07/2018,21900,
03/07/2018,21500,
02/07/2018,23100,
29/06/2018,24250,
28/06/2018,24300,
27/06/2018,25000,
26/06/2018,26000,
25/06/2018,26350,
22/06/2018,25900,
21/06/2018,25350,
20/06/2018,26150,
19/06/2018,25400,
18/06/2018,25850,
15/06/2018,27100,
14/06/2018,26800,
13/06/2018,27450,
12/06/2018,27400,
11/06/2018,28050,
08/06/2018,28550,
07/06/2018,28350,
06/06/2018,28950,
05/06/2018,28400,
05/06/2018,28400,
04/06/2018,27950,
01/06/2018,27450,
31/05/2018,27100,
30/05/2018,25650,
29/05/2018,26050,
28/05/2018,24350,
25/05/2018,26150,
24/05/2018,27350,
23/05/2018,28000,
22/05/2018,27100,
21/05/2018,28800,
18/05/2018,29450,
17/05/2018,29200,
16/05/2018,29100,
15/05/2018,29850,
14/05/2018,29500,
11/05/2018,29400,
10/05/2018,28000,
09/05/2018,30000,
08/05/2018,30400,
07/05/2018,30450,
04/05/2018,28500,
03/05/2018,29000,
02/05/2018,27250,
27/04/2018,29300,
26/04/2018,28250,
24/04/2018,30350,
23/04/2018,31200,
20/04/2018,33500,
19/04/2018,31600,
18/04/2018,33550,
17/04/2018,34800,
16/04/2018,34000,
13/04/2018,34200,
12/04/2018,35700,
11/04/2018,35700,
10/04/2018,37300,
09/04/2018,37700,
06/04/2018,35700,
05/04/2018,35600,
04/04/2018,35900,
03/04/2018,36300,
02/04/2018,36200,
30/03/2018,34600,
29/03/2018,35000,
28/03/2018,35200,
27/03/2018,35800,
26/03/2018,35800,
23/03/2018,34950,
22/03/2018,35800,
21/03/2018,36200,
20/03/2018,36000,
19/03/2018,36300,
16/03/2018,36700,
15/03/2018,36600,
14/03/2018,35550,
13/03/2018,35700,
12/03/2018,33450,
09/03/2018,32400,
08/03/2018,31700,
07/03/2018,31500,
06/03/2018,32300,
05/03/2018,30500,
02/03/2018,32700,
01/03/2018,32700,
28/02/2018,33600,
27/02/2018,32100,
26/02/2018,30700,
23/02/2018,30400,
22/02/2018,28650,
21/02/2018,27850,
13/02/2018,27200,
12/02/2018,26200,
09/02/2018,24500,
08/02/2018,24500,
07/02/2018,25750,
06/02/2018,24350,
05/02/2018,26050,
02/02/2018,28000,
01/02/2018,27250,
31/01/2018,27200,
30/01/2018,28050,
29/01/2018,28300,
26/01/2018,27300,
25/01/2018,26750,
22/01/2018,25750,
19/01/2018,25300,
18/01/2018,25500,
17/01/2018,25200,
16/01/2018,26600,
15/01/2018,26100,
12/01/2018,25600,
11/01/2018,25650,
10/01/2018,25500,
09/01/2018,25700,
08/01/2018,25700,
05/01/2018,25100,
04/01/2018,25700,
03/01/2018,24800,
02/01/2018,24950,
29/12/2017,24200,
28/12/2017,24250,
27/12/2017,23300,
26/12/2017,23150,
25/12/2017,22200,
22/12/2017,22300,
21/12/2017,22100,
20/12/2017,22450,
19/12/2017,22050,
18/12/2017,22500,
15/12/2017,21900,
14/12/2017,22000,
13/12/2017,20850,
12/12/2017,21400,
11/12/2017,21400,
08/12/2017,23000,
07/12/2017,23300,
06/12/2017,23500,
05/12/2017,23500,
04/12/2017,24250,
01/12/2017,24050,
30/11/2017,24300,
29/11/2017,24100,
28/11/2017,23100,
27/11/2017,23400,
24/11/2017,23400,
23/11/2017,23700,
22/11/2017,22650,
21/11/2017,21200,
20/11/2017,20800,
17/11/2017,20600,
16/11/2017,21000,
15/11/2017,20800,
14/11/2017,20900,
13/11/2017,20400,
10/11/2017,20400,
09/11/2017,19700,
08/11/2017,19900,
07/11/2017,19500,
06/11/2017,19400,
03/11/2017,18750,
02/11/2017,18500,
01/11/2017,18800,
31/10/2017,18750,
30/10/2017,18950,
27/10/2017,19100,
26/10/2017,18800,
25/10/2017,19100,
24/10/2017,18850,
23/10/2017,18950,
20/10/2017,19450,
19/10/2017,19500,
18/10/2017,19500,
17/10/2017,19400,
16/10/2017,19150,
13/10/2017,19000,
12/10/2017,18850,
11/10/2017,18900,
10/10/2017,19100,
09/10/2017,19200,
06/10/2017,19100,
05/10/2017,18900,
04/10/2017,18800,
03/10/2017,18400,
02/10/2017,18450,
29/09/2017,18500,
28/09/2017,18500,
27/09/2017,18800,
26/09/2017,18800,
25/09/2017,18700,
22/09/2017,18900,
21/09/2017,19100,
20/09/2017,18800,
19/09/2017,18600,
18/09/2017,18500,
15/09/2017,18000,
14/09/2017,18100,
13/09/2017,17900,
12/09/2017,18000,
11/09/2017,17900,
08/09/2017,18100,
07/09/2017,18200,
06/09/2017,18100,
05/09/2017,18200,
01/09/2017,18400,
31/08/2017,18400,
30/08/2017,17900,
29/08/2017,18000,
28/08/2017,18200,
25/08/2017,18200,
24/08/2017,18200,
23/08/2017,17600,
22/08/2017,17600,
21/08/2017,17900,
18/08/2017,17900,
17/08/2017,17900,
16/08/2017,18200,
15/08/2017,18400,
14/08/2017,18600,
11/08/2017,18300,
10/08/2017,17900,
09/08/2017,18100,
08/08/2017,19000,
07/08/2017,19300,
04/08/2017,19300,
03/08/2017,19500,
02/08/2017,19500,
01/08/2017,19300,
31/07/2017,19700,
28/07/2017,18800,
27/07/2017,18600,
26/07/2017,18800,
25/07/2017,18400,
24/07/2017,17900,
21/07/2017,17900,
20/07/2017,18300,
19/07/2017,18200,
18/07/2017,17900,
17/07/2017,18100,
14/07/2017,18700,
13/07/2017,19000,
12/07/2017,18800,
11/07/2017,18900,
10/07/2017,18900,
07/07/2017,19200,
06/07/2017,19600,
05/07/2017,19700,
04/07/2017,19700,
03/07/2017,20000,
30/06/2017,19600,
29/06/2017,19500,
28/06/2017,19500,
27/06/2017,19300,
26/06/2017,19600,
23/06/2017,19300,
22/06/2017,19300,
21/06/2017,19600,
20/06/2017,20200,
19/06/2017,20000,
16/06/2017,19700,
15/06/2017,19800,
14/06/2017,19600,
13/06/2017,19100,
12/06/2017,18800,
09/06/2017,18700,
08/06/2017,18900,
07/06/2017,19200,
06/06/2017,18500,
05/06/2017,18100,
02/06/2017,18000,
01/06/2017,18000,
31/05/2017,18100,
30/05/2017,18200,
29/05/2017,18900,
26/05/2017,18200,
25/05/2017,18200,
24/05/2017,18600,
23/05/2017,18000,
22/05/2017,18500,
19/05/2017,17500,
18/05/2017,17300,
17/05/2017,17100,
16/05/2017,17100,
15/05/2017,17400,
12/05/2017,17500,
11/05/2017,17400,
10/05/2017,17600,
09/05/2017,17300,
08/05/2017,17100,
05/05/2017,17100,
04/05/2017,17100,
03/05/2017,16800,
28/04/2017,16700,
27/04/2017,16600,
26/04/2017,16500,
25/04/2017,16400,
24/04/2017,16300,
21/04/2017,16400,
20/04/2017,16700,
19/04/2017,16600,
18/04/2017,16600,
17/04/2017,16300,
14/04/2017,16800,
13/04/2017,17100,
12/04/2017,17100,
11/04/2017,17400,
10/04/2017,17200,
07/04/2017,17300,
05/04/2017,17300,
04/04/2017,17300,
03/04/2017,17300,
31/03/2017,17400,
30/03/2017,17700,
29/03/2017,17700,
28/03/2017,17800,
27/03/2017,18100,
24/03/2017,18000,
23/03/2017,17800,
22/03/2017,17700,
21/03/2017,17800,
20/03/2017,17600,
17/03/2017,17400,
16/03/2017,17200,
15/03/2017,17100,
14/03/2017,17200,
13/03/2017,17300,
10/03/2017,17500,
09/03/2017,17700,
08/03/2017,17700,
07/03/2017,17600,
06/03/2017,17700,
03/03/2017,17600,
02/03/2017,17300,
01/03/2017,17300,
28/02/2017,17600,
27/02/2017,17600,
24/02/2017,17400,
23/02/2017,17200,
22/02/2017,17300,
21/02/2017,17600,
20/02/2017,17800,
17/02/2017,18200,
16/02/2017,18600,
15/02/2017,18600,
14/02/2017,18000,
13/02/2017,17800,
10/02/2017,17900,
09/02/2017,17400,
08/02/2017,17200,
07/02/2017,17500,
06/02/2017,17600,
03/02/2017,17800,
02/02/2017,18000,
25/01/2017,17900,
24/01/2017,17900,
23/01/2017,17600,
20/01/2017,17200,
19/01/2017,17000,
18/01/2017,16600,
17/01/2017,17000,
16/01/2017,15800,
13/01/2017,15900,
12/01/2017,16200,
11/01/2017,16300,
10/01/2017,15500,
09/01/2017,15700,
06/01/2017,15300,
05/01/2017,15100,
04/01/2017,15000,
03/01/2017,14700,
30/12/2016,13700,
29/12/2016,13600,
28/12/2016,13800,
27/12/2016,13800,
26/12/2016,13800,
23/12/2016,13800,
22/12/2016,13700,
21/12/2016,13800,
20/12/2016,13900,
19/12/2016,13900,
16/12/2016,13600,
15/12/2016,13500,
14/12/2016,13300,
13/12/2016,13200,
12/12/2016,13600,
09/12/2016,14000,
08/12/2016,14200,
07/12/2016,14300,
06/12/2016,14300,
05/12/2016,14700,
02/12/2016,14800,
01/12/2016,14800,
30/11/2016,14700,
29/11/2016,14700,
28/11/2016,14700,
25/11/2016,14900,
24/11/2016,15000,
23/11/2016,15400,
22/11/2016,15400,
21/11/2016,15200,
18/11/2016,14900,
17/11/2016,14900,
16/11/2016,15000,
15/11/2016,15100,
14/11/2016,15100,
11/11/2016,15100,
10/11/2016,15200,
09/11/2016,15100,
08/11/2016,15200,
07/11/2016,15300,
04/11/2016,15200,
03/11/2016,15200,
02/11/2016,15300,
01/11/2016,15400,
31/10/2016,15500,
28/10/2016,15600,
27/10/2016,15200,
26/10/2016,15600,
25/10/2016,15800,
24/10/2016,15900,
21/10/2016,15800,
20/10/2016,15900,
19/10/2016,16000,
18/10/2016,15700,
17/10/2016,15700,
14/10/2016,15700,
13/10/2016,15800,
12/10/2016,15800,
11/10/2016,15800,
10/10/2016,15700,
07/10/2016,15900,
06/10/2016,16200,
05/10/2016,16200,
04/10/2016,15900,
03/10/2016,15600,
30/09/2016,15600,
29/09/2016,15800,
28/09/2016,16000,
27/09/2016,15800,
26/09/2016,15500,
23/09/2016,15500,
22/09/2016,15600,
21/09/2016,15600,
20/09/2016,15700,
19/09/2016,15700,
16/09/2016,15600,
15/09/2016,15600,
14/09/2016,15400,
13/09/2016,15800,
12/09/2016,15900,
09/09/2016,16000,
08/09/2016,15800,
07/09/2016,15800,
06/09/2016,15700,
05/09/2016,15700,
01/09/2016,15800,
31/08/2016,16000,
30/08/2016,16000,
29/08/2016,15900,
26/08/2016,16000,
25/08/2016,15700,
24/08/2016,15900,
23/08/2016,15700,
22/08/2016,15800,
19/08/2016,15700,
18/08/2016,15900,
17/08/2016,15900,
16/08/2016,15900,
15/08/2016,16100,
12/08/2016,16100,
11/08/2016,16200,
10/08/2016,16000,
09/08/2016,15500,
08/08/2016,15800,
05/08/2016,15700,
04/08/2016,15900,
03/08/2016,15700,
02/08/2016,15800,
01/08/2016,16300,
29/07/2016,16400,
28/07/2016,16400,
27/07/2016,16600,
26/07/2016,16200,
25/07/2016,16100,
22/07/2016,16400,
21/07/2016,16400,
20/07/2016,16400,
19/07/2016,16800,
18/07/2016,17300,
15/07/2016,17300,
14/07/2016,17200,
13/07/2016,17500,
12/07/2016,16300,
11/07/2016,16000,
08/07/2016,15800,
07/07/2016,15900,
06/07/2016,15800,
05/07/2016,16000,
04/07/2016,15700,
01/07/2016,15600,
30/06/2016,15400,
29/06/2016,15500,
28/06/2016,15100,
27/06/2016,15300,
24/06/2016,15300,
23/06/2016,15800,
22/06/2016,15500,
21/06/2016,15600,
20/06/2016,15600,
17/06/2016,15500,
16/06/2016,15800,
15/06/2016,16000,
14/06/2016,16000,
13/06/2016,16200,
10/06/2016,16400,
09/06/2016,16400,
08/06/2016,16200,
07/06/2016,16000,
06/06/2016,16200,
03/06/2016,16400,
02/06/2016,16500,
01/06/2016,16400,
31/05/2016,16400,
30/05/2016,16200,
27/05/2016,16000,
26/05/2016,15700,
25/05/2016,15900,
24/05/2016,15900,
23/05/2016,15700,
20/05/2016,16100,
19/05/2016,16300,
18/05/2016,16500,
17/05/2016,16600,
16/05/2016,16100,
13/05/2016,16300,
12/05/2016,16300,
11/05/2016,16600,
10/05/2016,16000,
09/05/2016,15900,
06/05/2016,15900,
05/05/2016,15300,
04/05/2016,15000,
29/04/2016,15200,
28/04/2016,14800,
27/04/2016,15100,
26/04/2016,15500,
25/04/2016,15700,
22/04/2016,15400,
21/04/2016,14600,
20/04/2016,14600,
19/04/2016,14600,
15/04/2016,14800,
14/04/2016,14700,
13/04/2016,14800,
12/04/2016,14800,
11/04/2016,15100,
08/04/2016,15300,
07/04/2016,15300,
06/04/2016,15300,
05/04/2016,15000,
04/04/2016,15100,
01/04/2016,14900,
31/03/2016,15000,
30/03/2016,15300,
29/03/2016,15200,
28/03/2016,15500,
25/03/2016,15500,
24/03/2016,15500,
23/03/2016,15800,
22/03/2016,15700,
21/03/2016,15900,
18/03/2016,15900,
17/03/2016,16000,
16/03/2016,15900,
15/03/2016,15900,
14/03/2016,16000,
11/03/2016,16000,
10/03/2016,16100,
09/03/2016,16000,
08/03/2016,16300,
07/03/2016,16400,
04/03/2016,16400,
03/03/2016,16600,
02/03/2016,16500,
01/03/2016,16200,
29/02/2016,16400,
26/02/2016,16900,
25/02/2016,17000,
24/02/2016,16800,
23/02/2016,15700,
22/02/2016,15800,
19/02/2016,15800,
18/02/2016,16000,
17/02/2016,15700,
16/02/2016,15700,
15/02/2016,15800,
05/02/2016,15800,
04/02/2016,15800,
03/02/2016,15600,
02/02/2016,15700,
01/02/2016,15700,
29/01/2016,15800,
28/01/2016,15800,
27/01/2016,16100,
26/01/2016,16000,
25/01/2016,15800,
22/01/2016,14700,
21/01/2016,15000,
20/01/2016,15500,
19/01/2016,16000,
18/01/2016,15400,
15/01/2016,16200,
14/01/2016,16300,
13/01/2016,16300,
12/01/2016,16400,
11/01/2016,16300,
08/01/2016,16300,
07/01/2016,16700,
06/01/2016,16900,
05/01/2016,16700,
04/01/2016,16900,
31/12/2015,17200,
30/12/2015,17200,
29/12/2015,17100,
28/12/2015,16700,
25/12/2015,16700,
24/12/2015,16700,
23/12/2015,16700,
22/12/2015,16900,
21/12/2015,17100,
18/12/2015,17100,
17/12/2015,17400,
16/12/2015,17100,
15/12/2015,16800,
14/12/2015,16300,
11/12/2015,16600,
10/12/2015,16700,
09/12/2015,17000,
08/12/2015,17300,
07/12/2015,16800,
04/12/2015,17000,
03/12/2015,17200,
02/12/2015,17200,
01/12/2015,16900,
30/11/2015,17000,
27/11/2015,17700,
26/11/2015,18100,
25/11/2015,18200,
24/11/2015,18200,
23/11/2015,18300,
20/11/2015,18500,
19/11/2015,18500,
18/11/2015,18600,
17/11/2015,18700,
16/11/2015,18900,
13/11/2015,19200,
12/11/2015,19200,
11/11/2015,18900,
10/11/2015,18900,
09/11/2015,19300,
06/11/2015,19400,
05/11/2015,19500,
04/11/2015,19500,
03/11/2015,19600,
02/11/2015,19500,
30/10/2015,19400,
29/10/2015,19500,
28/10/2015,19300,
27/10/2015,19500,
26/10/2015,19500,
23/10/2015,19700,
22/10/2015,19400,
21/10/2015,19400,
20/10/2015,19500,
19/10/2015,19800,
16/10/2015,19700,
15/10/2015,19300,
14/10/2015,18800,
13/10/2015,19000,
12/10/2015,19000,
09/10/2015,19000,
08/10/2015,18900,
07/10/2015,18600,
06/10/2015,18900,
05/10/2015,18600,
02/10/2015,18100,
01/10/2015,18200,
30/09/2015,18200,
29/09/2015,18300,
28/09/2015,18600,
25/09/2015,18900,
24/09/2015,19000,
23/09/2015,18800,
22/09/2015,18600,
21/09/2015,18800,
18/09/2015,18600,
17/09/2015,17900,
16/09/2015,18300,
15/09/2015,18500,
14/09/2015,18600,
11/09/2015,18500,
10/09/2015,18900,
09/09/2015,19100,
08/09/2015,19000,
07/09/2015,18000,
04/09/2015,17900,
03/09/2015,17800,
01/09/2015,17700,
31/08/2015,17900,
28/08/2015,18500,
27/08/2015,18000,
26/08/2015,17300,
25/08/2015,16500,
24/08/2015,16100,
21/08/2015,17400,
20/08/2015,17900,
19/08/2015,18400,
18/08/2015,18600,
17/08/2015,17900,
14/08/2015,19300,
13/08/2015,19700,
12/08/2015,20300,
11/08/2015,20600,
10/08/2015,20500,
07/08/2015,20100,
06/08/2015,20200,
05/08/2015,20700,
04/08/2015,20400,
03/08/2015,20700,
31/07/2015,21100,
30/07/2015,21400,
29/07/2015,21100,
28/07/2015,21600,
27/07/2015,21600,
24/07/2015,21300,
23/07/2015,21400,
22/07/2015,21600,
21/07/2015,20800,
20/07/2015,20800,
17/07/2015,20400,
16/07/2015,20200,
15/07/2015,20600,
14/07/2015,21300,
13/07/2015,21600,
10/07/2015,20900,
09/07/2015,19600,
08/07/2015,19800,
07/07/2015,19400,
06/07/2015,18900,
03/07/2015,18700,
02/07/2015,18400,
01/07/2015,17400,
30/06/2015,17800,
29/06/2015,18000,
26/06/2015,17800,
25/06/2015,18500,
24/06/2015,18900,
23/06/2015,19200,
22/06/2015,18800,
19/06/2015,18400,
18/06/2015,18300,
17/06/2015,18400,
16/06/2015,18200,
15/06/2015,18400,
12/06/2015,17200,
11/06/2015,16900,
10/06/2015,17000,
09/06/2015,17200,
08/06/2015,17500,
05/06/2015,17200,
04/06/2015,16300,
03/06/2015,16400,
02/06/2015,16700,
01/06/2015,17300,
29/05/2015,17100,
28/05/2015,17300,
27/05/2015,16500,
26/05/2015,16400,
25/05/2015,16000,
22/05/2015,15700,
21/05/2015,15400,
20/05/2015,15200,
19/05/2015,14900,
18/05/2015,14500,
15/05/2015,15000,
14/05/2015,15500,
13/05/2015,15100,
12/05/2015,15300,
11/05/2015,15500,
08/05/2015,15800,
07/05/2015,15500,
06/05/2015,15200,
05/05/2015,15300,
04/05/2015,14600,
27/04/2015,15600,
24/04/2015,15300,
23/04/2015,15300,
22/04/2015,15200,
21/04/2015,15600,
20/04/2015,15700,
17/04/2015,15800,
16/04/2015,16000,
15/04/2015,15700,
14/04/2015,15500,
13/04/2015,15700,
10/04/2015,15600,
09/04/2015,15400,
08/04/2015,14900,
07/04/2015,14900,
06/04/2015,14800,
03/04/2015,15000,
02/04/2015,15100,
01/04/2015,14600,
31/03/2015,14900,
30/03/2015,14800,
27/03/2015,15200,
26/03/2015,15300,
25/03/2015,15400,
24/03/2015,15100,
23/03/2015,15200,
20/03/2015,15700,
19/03/2015,15600,
18/03/2015,15800,
17/03/2015,16300,
16/03/2015,16400,
13/03/2015,16700,
12/03/2015,16500,
11/03/2015,16400,
10/03/2015,16400,
09/03/2015,16300,
06/03/2015,16700,
05/03/2015,16400,
04/03/2015,16800,
03/03/2015,16800,
02/03/2015,16700,
27/02/2015,17000,
26/02/2015,17000,
25/02/2015,16400,
24/02/2015,16200,
13/02/2015,15400,
12/02/2015,15500,
11/02/2015,16000,
10/02/2015,16000,
09/02/2015,15400,
06/02/2015,15300,
05/02/2015,14700,
04/02/2015,13800,
03/02/2015,14400,
02/02/2015,15600,
30/01/2015,15600,
29/01/2015,16400,
28/01/2015,16300,
27/01/2015,15100,
26/01/2015,14700,
23/01/2015,14200,
22/01/2015,13700,
21/01/2015,12700,
20/01/2015,13000,
19/01/2015,13300,
16/01/2015,12900,
15/01/2015,12800,
14/01/2015,13000,
13/01/2015,13100,
12/01/2015,12300,
09/01/2015,12100,
08/01/2015,11700,
07/01/2015,12000,
06/01/2015,11600,
05/01/2015,11500,
31/12/2014,11400,
30/12/2014,11300,
29/12/2014,11300,
26/12/2014,11300,
25/12/2014,11400,
24/12/2014,11400,
23/12/2014,11600,
22/12/2014,11700,
19/12/2014,11500,
18/12/2014,11500,
17/12/2014,11400,
16/12/2014,11600,
15/12/2014,11800,
12/12/2014,11900,
11/12/2014,11800,
10/12/2014,11800,
09/12/2014,11800,
08/12/2014,12000,
05/12/2014,12100,
04/12/2014,12100,
03/12/2014,11600,
02/12/2014,11600,
01/12/2014,11600,
28/11/2014,11600,
27/11/2014,11700,
26/11/2014,11700,
25/11/2014,11700,
24/11/2014,11700,
21/11/2014,11900,
20/11/2014,11800,
19/11/2014,11700,
18/11/2014,11800,
17/11/2014,11900,
14/11/2014,11900,
13/11/2014,12000,
12/11/2014,12000,
11/11/2014,11900,
10/11/2014,12000,
07/11/2014,12200,
06/11/2014,12200,
05/11/2014,12200,
04/11/2014,12200,
03/11/2014,12200,
31/10/2014,12300,
30/10/2014,11600,
29/10/2014,11600,
28/10/2014,11600,
27/10/2014,11700,
24/10/2014,11800,
23/10/2014,11900,
22/10/2014,11900,
21/10/2014,11900,
20/10/2014,11900,
17/10/2014,11900,
16/10/2014,11900,
15/10/2014,12100,
14/10/2014,11900,
13/10/2014,12100,
10/10/2014,12200,
09/10/2014,12100,
08/10/2014,12200,
07/10/2014,12200,
06/10/2014,12200,
03/10/2014,12200,
02/10/2014,12300,
01/10/2014,12000,
30/09/2014,12000,
29/09/2014,12100,
26/09/2014,12200,
25/09/2014,12200,
24/09/2014,12200,
23/09/2014,12200,
22/09/2014,12100,
19/09/2014,12100,
18/09/2014,12100,
17/09/2014,12200,
16/09/2014,12200,
15/09/2014,12200,
12/09/2014,12200,
11/09/2014,12200,
10/09/2014,12200,
09/09/2014,12200,
08/09/2014,12400,
05/09/2014,12500,
04/09/2014,12500,
03/09/2014,12800,
29/08/2014,12400,
28/08/2014,12200,
27/08/2014,12100,
26/08/2014,12300,
25/08/2014,12200,
22/08/2014,12100,
21/08/2014,12100,
20/08/2014,12100,
19/08/2014,12100,
18/08/2014,12100,
15/08/2014,12200,
14/08/2014,12200,
13/08/2014,12200,
12/08/2014,12200,
11/08/2014,12200,
08/08/2014,12200,
07/08/2014,12200,
06/08/2014,12200,
05/08/2014,12300,
04/08/2014,12200,
01/08/2014,12300,
31/07/2014,12300,
30/07/2014,12100,
29/07/2014,12200,
28/07/2014,12200,
25/07/2014,12200,
24/07/2014,12400,
23/07/2014,12200,
22/07/2014,12200,
21/07/2014,12300,
18/07/2014,12400,
17/07/2014,12200,
16/07/2014,12300,
15/07/2014,12300,
14/07/2014,12300,
11/07/2014,12200,
10/07/2014,12200,
09/07/2014,12400,
08/07/2014,12300,
07/07/2014,12300,
04/07/2014,12300,
03/07/2014,12300,
02/07/2014,12100,
01/07/2014,12200,
30/06/2014,12100,
27/06/2014,12200,
26/06/2014,12200,
25/06/2014,12300,
24/06/2014,12400,
23/06/2014,12300,
20/06/2014,12300,
19/06/2014,12300,
18/06/2014,12400,
17/06/2014,12300,
16/06/2014,12200,
13/06/2014,12300,
12/06/2014,12200,
11/06/2014,12200,
10/06/2014,12100,
09/06/2014,12300,
06/06/2014,12200,
05/06/2014,12200,
04/06/2014,12100,
03/06/2014,12200,
02/06/2014,12400,
30/05/2014,12500,
29/05/2014,12400,
28/05/2014,12400,
27/05/2014,12400,
26/05/2014,12200,
23/05/2014,12300,
22/05/2014,12200,
21/05/2014,12600,
20/05/2014,11900,
19/05/2014,11900,
16/05/2014,12000,
15/05/2014,11800,
14/05/2014,12200,
13/05/2014,11500,
12/05/2014,11500,
09/05/2014,12100,
08/05/2014,11500,
07/05/2014,12300,
06/05/2014,12100,
05/05/2014,12100,
29/04/2014,12400,
28/04/2014,12400,
25/04/2014,12400,
24/04/2014,12500,
23/04/2014,12600,
22/04/2014,12600,
21/04/2014,12200,
18/04/2014,12400,
17/04/2014,12700,
16/04/2014,12600,
15/04/2014,12800,
14/04/2014,13100,
11/04/2014,13200,
10/04/2014,13400,
08/04/2014,13300,
07/04/2014,13300,
04/04/2014,13400,
03/04/2014,13400,
02/04/2014,13200,
01/04/2014,13200,
31/03/2014,13500,
28/03/2014,13700,
27/03/2014,13600,
26/03/2014,13700,
25/03/2014,14200,
24/03/2014,14300,
21/03/2014,13900,
20/03/2014,13700,
19/03/2014,13800,
18/03/2014,13400,
17/03/2014,13500,
14/03/2014,13400,
13/03/2014,13400,
12/03/2014,13400,
11/03/2014,13600,
10/03/2014,13600,
07/03/2014,13600,
06/03/2014,13500,
05/03/2014,13500,
04/03/2014,13500,
03/03/2014,13700,
28/02/2014,14200,
27/02/2014,13900,
26/02/2014,13600,
25/02/2014,13300,
24/02/2014,13400,
21/02/2014,13400,
20/02/2014,13500,
19/02/2014,13300,
18/02/2014,13400,
17/02/2014,13400,
14/02/2014,13500,
13/02/2014,13500,
12/02/2014,13300,
11/02/2014,13200,
10/02/2014,13200,
07/02/2014,13300,
06/02/2014,13400,
27/01/2014,13500,
24/01/2014,13500,
23/01/2014,13700,
22/01/2014,13300,
21/01/2014,13100,
20/01/2014,12900,
17/01/2014,12900,
16/01/2014,12600,
15/01/2014,12800,
14/01/2014,12800,
13/01/2014,12800,
10/01/2014,12800,
09/01/2014,12900,
08/01/2014,13000,
07/01/2014,13100,
06/01/2014,12800,
03/01/2014,12900,
02/01/2014,13000,
31/12/2013,12800,
30/12/2013,12600,
27/12/2013,12900,
26/12/2013,13100,
25/12/2013,13100,
24/12/2013,13200,
23/12/2013,13300,
20/12/2013,13300,
19/12/2013,13300,
18/12/2013,13300,
17/12/2013,13400,
16/12/2013,13500,
13/12/2013,13500,
12/12/2013,13500,
11/12/2013,13500,
10/12/2013,13700,
09/12/2013,13700,
06/12/2013,13800,
05/12/2013,13700,
04/12/2013,13800,
03/12/2013,13700,
02/12/2013,13900,
29/11/2013,13800,
28/11/2013,13800,
27/11/2013,13800,
26/11/2013,13800,
25/11/2013,13700,
22/11/2013,13700,
21/11/2013,13700,
20/11/2013,13700,
19/11/2013,13800,
18/11/2013,13800,
15/11/2013,13800,
14/11/2013,13700,
13/11/2013,13700,
12/11/2013,13800,
11/11/2013,13900,
08/11/2013,13900,
07/11/2013,13900,
06/11/2013,13900,
05/11/2013,13900,
04/11/2013,14000,
01/11/2013,14100,
31/10/2013,14000,
30/10/2013,14300,
29/10/2013,14000,
28/10/2013,13900,
25/10/2013,14100,
24/10/2013,14100,
23/10/2013,14000,
22/10/2013,14000,
21/10/2013,14300,
18/10/2013,14300,
17/10/2013,14300,
16/10/2013,14200,
15/10/2013,13900,
14/10/2013,13900,
11/10/2013,13900,
10/10/2013,14000,
09/10/2013,14000,
08/10/2013,14300,
07/10/2013,14200,
04/10/2013,13500,
03/10/2013,13600,
02/10/2013,13600,
01/10/2013,13600,
30/09/2013,13200,
27/09/2013,12800,
26/09/2013,13000,
25/09/2013,13000,
24/09/2013,12700,
23/09/2013,12700,
20/09/2013,12600,
19/09/2013,12600,
18/09/2013,12300,
17/09/2013,12600,
16/09/2013,12700,
13/09/2013,12900,
12/09/2013,13000,
11/09/2013,13100,
10/09/2013,13200,
09/09/2013,13100,
06/09/2013,13300,
05/09/2013,13500,
04/09/2013,13400,
03/09/2013,13400,
30/08/2013,13500,
29/08/2013,13400,
28/08/2013,13000,
27/08/2013,13300,
26/08/2013,13000,
23/08/2013,13100,
22/08/2013,13100,
21/08/2013,13300,
20/08/2013,13400,
19/08/2013,13500,
16/08/2013,13400,
15/08/2013,13400,
14/08/2013,13200,
13/08/2013,13100,
12/08/2013,13100,
09/08/2013,13200,
08/08/2013,13200,
07/08/2013,13200,
06/08/2013,13300,
05/08/2013,13300,
02/08/2013,13400,
01/08/2013,13400,
31/07/2013,13300,
30/07/2013,13400,
29/07/2013,13300,
26/07/2013,13500,
25/07/2013,13500,
24/07/2013,13500,
23/07/2013,13900,
22/07/2013,13600,
19/07/2013,13800,
18/07/2013,13700,
17/07/2013,14000,
16/07/2013,13900,
15/07/2013,14000,
12/07/2013,13800,
11/07/2013,13500,
10/07/2013,13600,
09/07/2013,13700,
08/07/2013,13600,
05/07/2013,13500,
04/07/2013,13500,
03/07/2013,13600,
02/07/2013,13500,
01/07/2013,13500,
28/06/2013,14000,
27/06/2013,14100,
26/06/2013,13600,
25/06/2013,13200,
24/06/2013,13600,
21/06/2013,13500,
20/06/2013,13400,
19/06/2013,13600,
18/06/2013,13000,
17/06/2013,13000,
14/06/2013,13400,
13/06/2013,13400,
12/06/2013,13500,
11/06/2013,13500,
10/06/2013,14000,
07/06/2013,14800,
06/06/2013,13700,
05/06/2013,12700,
04/06/2013,12700,
03/06/2013,12900,
31/05/2013,12900,
30/05/2013,12700,
29/05/2013,12700,
28/05/2013,12700,
27/05/2013,12700,
24/05/2013,12700,
23/05/2013,12700,
22/05/2013,12900,
21/05/2013,13000,
20/05/2013,12900,
17/05/2013,12900,
16/05/2013,12800,
15/05/2013,12800,
14/05/2013,12700,
13/05/2013,12700,
10/05/2013,12700,
09/05/2013,12700,
08/05/2013,12600,
07/05/2013,12900,
06/05/2013,13100,
03/05/2013,12800,
02/05/2013,12500,
26/04/2013,12600,
25/04/2013,12500,
24/04/2013,12400,
23/04/2013,12500,
22/04/2013,12300,
18/04/2013,12600,
17/04/2013,12800,
16/04/2013,12700,
15/04/2013,12700,
12/04/2013,13300,
11/04/2013,13400,
10/04/2013,13400,
09/04/2013,13700,
08/04/2013,13900,
05/04/2013,13900,
04/04/2013,14000,
03/04/2013,13800,
02/04/2013,14000,
01/04/2013,13200,
29/03/2013,12900,
28/03/2013,12900,
27/03/2013,13100,
26/03/2013,13200,
25/03/2013,13100,
22/03/2013,13100,
21/03/2013,13300,
20/03/2013,13400,
19/03/2013,13400,
18/03/2013,13900,
15/03/2013,13100,
14/03/2013,13100,
13/03/2013,13500,
12/03/2013,13600,
11/03/2013,13800,
08/03/2013,13400,
07/03/2013,13000,
06/03/2013,12900,
05/03/2013,12700,
04/03/2013,13300,
01/03/2013,14200,
28/02/2013,14000,
27/02/2013,14900,
26/02/2013,14400,
25/02/2013,15700,
22/02/2013,16100,
21/02/2013,16300,
20/02/2013,16800,
19/02/2013,16800,
18/02/2013,17000,
08/02/2013,17200,
07/02/2013,17000,
06/02/2013,17000,
05/02/2013,16400,
04/02/2013,16600,
01/02/2013,17000,
31/01/2013,16600,
30/01/2013,17000,
29/01/2013,17000,
28/01/2013,16500,
25/01/2013,16200,
24/01/2013,15000,
23/01/2013,14800,
22/01/2013,14800,
21/01/2013,15200,
18/01/2013,15600,
17/01/2013,15900,
16/01/2013,16200,
15/01/2013,16100,
14/01/2013,15800,
11/01/2013,16000,
10/01/2013,16400,
09/01/2013,15700,
08/01/2013,15100,
07/01/2013,14900,
04/01/2013,14800,
03/01/2013,14800,
02/01/2013,14900,
28/12/2012,14600,
27/12/2012,14200,
26/12/2012,14200,
25/12/2012,13600,
24/12/2012,13000,
21/12/2012,13400,
20/12/2012,12700,
19/12/2012,12000,
18/12/2012,12700,
17/12/2012,13400,
14/12/2012,14300,
13/12/2012,14200,
12/12/2012,13900,
11/12/2012,13800,
10/12/2012,13500,
07/12/2012,13400,
06/12/2012,13200,
05/12/2012,13100,
04/12/2012,13000,
03/12/2012,13300,
30/11/2012,12600,
29/11/2012,12600,
28/11/2012,12500,
27/11/2012,12500,
26/11/2012,12500,
23/11/2012,12900,
22/11/2012,13000,
21/11/2012,13000,
20/11/2012,12700,
19/11/2012,12700,
16/11/2012,13000,
15/11/2012,13300,
14/11/2012,13100,
13/11/2012,12500,
12/11/2012,13100,
09/11/2012,13100,
08/11/2012,12600,
07/11/2012,12000,
06/11/2012,11200,
05/11/2012,11400,
02/11/2012,11200,
01/11/2012,11400,
31/10/2012,11400,
30/10/2012,11300,
29/10/2012,11400,
26/10/2012,11400,
25/10/2012,11500,
24/10/2012,11600,
23/10/2012,11600,
22/10/2012,11600,
19/10/2012,11200,
18/10/2012,11500,
17/10/2012,11200,
16/10/2012,11800,
15/10/2012,11200,
12/10/2012,11300,
11/10/2012,11300,
10/10/2012,11300,
09/10/2012,11300,
08/10/2012,11400,
05/10/2012,11200,
04/10/2012,11200,
03/10/2012,11200,
02/10/2012,11200,
01/10/2012,11400,
28/09/2012,11900,
27/09/2012,12000,
26/09/2012,12300,
25/09/2012,12100,
24/09/2012,12100,
21/09/2012,12500,
20/09/2012,12100,
19/09/2012,12700,
18/09/2012,13200,
17/09/2012,13800,
14/09/2012,13700,
13/09/2012,12900,
12/09/2012,12900,
11/09/2012,12900,
10/09/2012,12700,
07/09/2012,13500,
06/09/2012,13500,
05/09/2012,13500,
04/09/2012,13400,
31/08/2012,13200,
30/08/2012,13400,
29/08/2012,13200,
28/08/2012,13100,
27/08/2012,13500,
24/08/2012,14400,
23/08/2012,13700,
22/08/2012,14600,
21/08/2012,14600,
20/08/2012,15500,
17/08/2012,15300,
16/08/2012,15100,
15/08/2012,15000,
14/08/2012,14900,
13/08/2012,15000,
10/08/2012,15000,
09/08/2012,15100,
08/08/2012,14700,
07/08/2012,14600,
06/08/2012,14600,
03/08/2012,14600,
02/08/2012,14700,
01/08/2012,14500,
31/07/2012,14700,
30/07/2012,14500,
27/07/2012,14500,
26/07/2012,14500,
25/07/2012,14400,
24/07/2012,14400,
23/07/2012,14700,
20/07/2012,14700,
19/07/2012,15500,
18/07/2012,15300,
17/07/2012,15000,
16/07/2012,15000,
13/07/2012,14500,
12/07/2012,14200,
11/07/2012,14100,
10/07/2012,13800,
09/07/2012,14000,
06/07/2012,14000,
05/07/2012,13900,
04/07/2012,13900,
03/07/2012,13900,
02/07/2012,14000,
29/06/2012,14100,
28/06/2012,14100,
27/06/2012,14100,
26/06/2012,14100,
25/06/2012,14400,
22/06/2012,14800,
21/06/2012,14800,
20/06/2012,14700,
19/06/2012,14700,
18/06/2012,15000,
15/06/2012,15100,
14/06/2012,15300,
13/06/2012,15500,
12/06/2012,15400,
11/06/2012,15300,
08/06/2012,14400,
07/06/2012,14400,
06/06/2012,14300,
05/06/2012,13900,
04/06/2012,13900,
01/06/2012,14400,
31/05/2012,14300,
30/05/2012,14600,
29/05/2012,14400,
28/05/2012,14800,
25/05/2012,15000,
24/05/2012,14100,
23/05/2012,14700,
22/05/2012,15200,
21/05/2012,15700,
18/05/2012,15300,
17/05/2012,15700,
16/05/2012,15900,
15/05/2012,15900,
14/05/2012,16900,
11/05/2012,16200,
10/05/2012,16200,
09/05/2012,16100,
08/05/2012,16200,
07/05/2012,15800,
04/05/2012,15600,
03/05/2012,15500,
02/05/2012,15700,
27/04/2012,15800,
26/04/2012,15700,
25/04/2012,16000,
24/04/2012,15900,
23/04/2012,16100,
20/04/2012,16200,
19/04/2012,16100,
18/04/2012,16200,
17/04/2012,16400,
16/04/2012,16400,
13/04/2012,16100,
12/04/2012,16500,
11/04/2012,15800,
10/04/2012,15700,
09/04/2012,15800,
06/04/2012,15600,
05/04/2012,15700,
04/04/2012,15900,
03/04/2012,16300,
30/03/2012,15700,
29/03/2012,13400,
28/03/2012,13800,
27/03/2012,13500,
26/03/2012,13500,
23/03/2012,12700,
22/03/2012,12500,
21/03/2012,12500,
20/03/2012,12400,
19/03/2012,12000,
16/03/2012,11700,
15/03/2012,12600,
14/03/2012,12000,
13/03/2012,11800,
12/03/2012,11500,
09/03/2012,12300,
08/03/2012,12600,
07/03/2012,13400,
06/03/2012,13400,
05/03/2012,13700,
02/03/2012,12800,
01/03/2012,12200,
29/02/2012,11400,
28/02/2012,12000,
27/02/2012,12100,
24/02/2012,11800,
23/02/2012,12100,
22/02/2012,12000,
21/02/2012,11700,
20/02/2012,11700,
17/02/2012,10900,
16/02/2012,10600,
15/02/2012,10500,
14/02/2012,11000,
13/02/2012,10500,
10/02/2012,11300,
09/02/2012,11900,
08/02/2012,12000,
07/02/2012,11500,
06/02/2012,10800,
03/02/2012,11600,
02/02/2012,11600,
01/02/2012,10800,
31/01/2012,10600,
30/01/2012,11100,
20/01/2012,10600,
19/01/2012,10700,
18/01/2012,9900,
17/01/2012,9700,
16/01/2012,9100,
13/01/2012,9000,
12/01/2012,8400,
11/01/2012,7700,
10/01/2012,7700,
09/01/2012,7300,
06/01/2012,7200,
05/01/2012,7000,
04/01/2012,7100,
03/01/2012,6600,
30/12/2011,7000,
29/12/2011,6700,
28/12/2011,6900,
27/12/2011,6300,
26/12/2011,6300,
23/12/2011,6300,
22/12/2011,6200,
21/12/2011,6700,
20/12/2011,6800,
19/12/2011,7000,
16/12/2011,6300,
15/12/2011,6000,
14/12/2011,6400,
13/12/2011,6800,
12/12/2011,7300,
09/12/2011,7800,
08/12/2011,7900,
07/12/2011,8400,
06/12/2011,8700,
05/12/2011,8400,
02/12/2011,8100,
01/12/2011,8000,
30/11/2011,8400,
29/11/2011,9100,
28/11/2011,8800,
25/11/2011,9000,
24/11/2011,9100,
23/11/2011,9400,
22/11/2011,8800,
21/11/2011,8800,
18/11/2011,8900,
17/11/2011,9000,
16/11/2011,8800,
15/11/2011,8800,
14/11/2011,8700,
11/11/2011,9100,
10/11/2011,9100,
09/11/2011,9100,
08/11/2011,9100,
07/11/2011,9200,
04/11/2011,9600,
03/11/2011,9700,
02/11/2011,9800,
01/11/2011,9800,
31/10/2011,9800,
28/10/2011,10200,
27/10/2011,10400,
26/10/2011,9800,
25/10/2011,9200,
24/10/2011,9300,
21/10/2011,9500,
20/10/2011,8800,
19/10/2011,8800,
18/10/2011,8900,
17/10/2011,9000,
14/10/2011,9200,
13/10/2011,9400,
12/10/2011,9300,
11/10/2011,9800,
10/10/2011,9800,
07/10/2011,9600,
06/10/2011,9600,
05/10/2011,9500,
04/10/2011,9900,
03/10/2011,10200,
30/09/2011,10500,
29/09/2011,10500,
28/09/2011,10500,
27/09/2011,10600,
26/09/2011,10500,
23/09/2011,10500,
22/09/2011,10800,
21/09/2011,10800,
20/09/2011,10800,
19/09/2011,11200,
16/09/2011,10500,
15/09/2011,10500,
14/09/2011,10700,
13/09/2011,11100,
12/09/2011,11100,
09/09/2011,11400,
08/09/2011,11400,
07/09/2011,11400,
06/09/2011,11300,
05/09/2011,11600,
01/09/2011,12000,
31/08/2011,11200,
30/08/2011,10800,
29/08/2011,10800,
26/08/2011,10500,
25/08/2011,10500,
24/08/2011,10200,
23/08/2011,10800,
22/08/2011,10900,
19/08/2011,10800,
18/08/2011,11400,
17/08/2011,10800,
16/08/2011,10500,
15/08/2011,10500,
12/08/2011,10500,
11/08/2011,10200,
10/08/2011,10300,
09/08/2011,10300,
08/08/2011,10500,
05/08/2011,10800,
04/08/2011,10800,
03/08/2011,10800,
02/08/2011,10800,
01/08/2011,10900,
29/07/2011,11200,
28/07/2011,11200,
27/07/2011,11300,
26/07/2011,10700,
25/07/2011,10600,
22/07/2011,10800,
21/07/2011,11200,
20/07/2011,11200,
19/07/2011,10500,
18/07/2011,10500,
15/07/2011,10800,
14/07/2011,11300,
13/07/2011,11200,
12/07/2011,11200,
11/07/2011,11300,
08/07/2011,11300,
07/07/2011,11300,
06/07/2011,11300,
05/07/2011,11300,
04/07/2011,11200,
01/07/2011,11400,
30/06/2011,11500,
29/06/2011,11700,
28/06/2011,11600,
27/06/2011,12000,
24/06/2011,11900,
23/06/2011,11600,
22/06/2011,12000,
21/06/2011,12000,
20/06/2011,11700,
17/06/2011,11800,
16/06/2011,12600,
15/06/2011,12000,
14/06/2011,11500,
13/06/2011,11400,
10/06/2011,11900,
09/06/2011,12000,
08/06/2011,12000,
07/06/2011,12400,
06/06/2011,11800,
03/06/2011,12100,
02/06/2011,12900,
01/06/2011,12100,
31/05/2011,11400,
30/05/2011,11000,
27/05/2011,11200,
26/05/2011,10500,
25/05/2011,9900,
24/05/2011,10500,
23/05/2011,11200,
20/05/2011,12000,
19/05/2011,12500,
18/05/2011,12900,
17/05/2011,13000,
16/05/2011,12900,
13/05/2011,12500,
12/05/2011,12500,
11/05/2011,12600,
10/05/2011,12300,
09/05/2011,12200,
06/05/2011,12200,
05/05/2011,12200,
04/05/2011,12200,
29/04/2011,12300,
28/04/2011,12000,
27/04/2011,12300,
26/04/2011,12100,
25/04/2011,12000,
22/04/2011,11700,
21/04/2011,12300,
20/04/2011,12600,
19/04/2011,12400,
18/04/2011,12200,
15/04/2011,12200,
14/04/2011,12200,
13/04/2011,12600,
08/04/2011,12700,
07/04/2011,12600,
06/04/2011,13200,
05/04/2011,12600,
04/04/2011,12000,
01/04/2011,12000,
31/03/2011,12100,
30/03/2011,12300,
29/03/2011,12500,
28/03/2011,12800,
25/03/2011,12300,
24/03/2011,12100,
23/03/2011,12800,
22/03/2011,13600,
21/03/2011,14100,
18/03/2011,14100,
17/03/2011,13200,
16/03/2011,12500,
15/03/2011,11700,
14/03/2011,11500,
11/03/2011,11400,
10/03/2011,11200,
09/03/2011,10800,
08/03/2011,10500,
07/03/2011,10800,
04/03/2011,10400,
03/03/2011,9900,
02/03/2011,10200,
01/03/2011,10500,
28/02/2011,11200,
25/02/2011,10500,
24/02/2011,9900,
23/02/2011,9900,
22/02/2011,9500,
21/02/2011,9600,
18/02/2011,10200,
17/02/2011,10500,
16/02/2011,10300,
15/02/2011,10800,
14/02/2011,10200,
11/02/2011,10800,
10/02/2011,11200,
09/02/2011,11200,
08/02/2011,10500,
28/01/2011,9900,
27/01/2011,9400,
26/01/2011,9500,
25/01/2011,9000,
24/01/2011,9400,
21/01/2011,9100,
20/01/2011,8600,
19/01/2011,8400,
18/01/2011,8500,
17/01/2011,8700,
14/01/2011,8800,
13/01/2011,9300,
12/01/2011,9100,
11/01/2011,9100,
10/01/2011,9200,
07/01/2011,9300,
06/01/2011,9300,
05/01/2011,9200,
04/01/2011,9300,
31/12/2010,9100,
30/12/2010,9100,
29/12/2010,9100,
28/12/2010,9400,
27/12/2010,9400,
24/12/2010,9100,
23/12/2010,9100,
22/12/2010,9500,
21/12/2010,9800,
20/12/2010,9800,
17/12/2010,9300,
16/12/2010,8700,
15/12/2010,8100,
14/12/2010,7600,
13/12/2010,7100,
10/12/2010,6600,
09/12/2010,6500,
08/12/2010,6600,
07/12/2010,6700,
06/12/2010,7000,
03/12/2010,7100,
02/12/2010,6700,
01/12/2010,6700,
30/11/2010,6700,
29/11/2010,6600,
26/11/2010,6600,
25/11/2010,6600,
24/11/2010,6500,
23/11/2010,6600,
22/11/2010,6400,
19/11/2010,6600,
18/11/2010,6600,
17/11/2010,6700,
16/11/2010,6500,
15/11/2010,6900,
12/11/2010,7000,
11/11/2010,7000,
10/11/2010,7000,
09/11/2010,7000,
08/11/2010,7100,
05/11/2010,7100,
04/11/2010,7100,
03/11/2010,7000,
02/11/2010,7000,
01/11/2010,7000,
29/10/2010,7000,
28/10/2010,7000,
27/10/2010,7000,
26/10/2010,7000,
25/10/2010,7000,
22/10/2010,7000,
21/10/2010,7000,
20/10/2010,7000,
19/10/2010,6900,
18/10/2010,7000,
15/10/2010,7000,
14/10/2010,7000,
13/10/2010,6800,
12/10/2010,6800,
11/10/2010,6800,
08/10/2010,6800,
07/10/2010,6800,
06/10/2010,6800,
05/10/2010,6800,
04/10/2010,6700,
01/10/2010,6800,
30/09/2010,6900,
29/09/2010,7000,
28/09/2010,7000,
27/09/2010,6800,
24/09/2010,6800,
23/09/2010,6700,
22/09/2010,6700,
21/09/2010,6700,
20/09/2010,6800,
17/09/2010,6800,
16/09/2010,6900,
15/09/2010,7000,
14/09/2010,7100,
13/09/2010,7400,
10/09/2010,7400,
09/09/2010,7500,
08/09/2010,7500,
07/09/2010,7600,
06/09/2010,7600,
01/09/2010,9300,
31/08/2010,8700,
30/08/2010,8700,
27/08/2010,8400,
26/08/2010,8000,
25/08/2010,7800,
24/08/2010,8400,
23/08/2010,8900,
20/08/2010,9200,
19/08/2010,9200,
18/08/2010,9100,
17/08/2010,9300,
16/08/2010,9300,
13/08/2010,8900,
12/08/2010,8900,
11/08/2010,9300,
10/08/2010,9200,
09/08/2010,9800,
06/08/2010,9800,
05/08/2010,9800,
04/08/2010,9900,
03/08/2010,10100,
02/08/2010,10200,
30/07/2010,10300,
29/07/2010,10200,
28/07/2010,10500,
27/07/2010,10500,
26/07/2010,10400,
23/07/2010,10500,
22/07/2010,10500,
21/07/2010,10600,
20/07/2010,10600,
19/07/2010,10600,
16/07/2010,10500,
15/07/2010,10700,
14/07/2010,10800,
13/07/2010,11000,
12/07/2010,10700,
09/07/2010,10600,
08/07/2010,10600,
07/07/2010,10500,
06/07/2010,10700,
05/07/2010,10700,
02/07/2010,10800,
01/07/2010,10800,
30/06/2010,11100,
29/06/2010,11400,
28/06/2010,11300,
25/06/2010,11200,
24/06/2010,11400,
23/06/2010,11300,
22/06/2010,11300,
21/06/2010,11400,
18/06/2010,11700,
17/06/2010,11200,
16/06/2010,11200,
15/06/2010,10900,
14/06/2010,10800,
11/06/2010,11000,
10/06/2010,10800,
09/06/2010,10800,
08/06/2010,10800,
07/06/2010,10800,
04/06/2010,11200,
03/06/2010,11200,
02/06/2010,11200,
01/06/2010,11400,
31/05/2010,11400,
28/05/2010,11400,
27/05/2010,11400,
26/05/2010,11100,
25/05/2010,11100,
24/05/2010,11100,
21/05/2010,10800,
20/05/2010,11300,
19/05/2010,10900,
18/05/2010,11400,
17/05/2010,11400,
14/05/2010,11700,
13/05/2010,11900,
12/05/2010,11700,
11/05/2010,11900,
10/05/2010,11900,
07/05/2010,12000,
06/05/2010,12300,
05/05/2010,12400,
04/05/2010,12700,
29/04/2010,12200,
28/04/2010,12200,
27/04/2010,12200,
26/04/2010,12200,
22/04/2010,12200,
21/04/2010,12000,
20/04/2010,12000,
19/04/2010,12000,
16/04/2010,12100,
15/04/2010,12200,
14/04/2010,12200,
13/04/2010,12300,
12/04/2010,12600,
09/04/2010,12100,
08/04/2010,12100,
07/04/2010,12200,
06/04/2010,12300,
05/04/2010,12100,
02/04/2010,12100,
01/04/2010,12200,
31/03/2010,12000,
30/03/2010,12200,
29/03/2010,12600,
26/03/2010,12600,
25/03/2010,12100,
24/03/2010,12600,
23/03/2010,12700,
22/03/2010,12600,
19/03/2010,11800,
18/03/2010,12600,
17/03/2010,12200,
16/03/2010,13000,
15/03/2010,13700,
12/03/2010,13900,
11/03/2010,13900,
10/03/2010,14200,
09/03/2010,14200,
08/03/2010,13900,
05/03/2010,14000,
04/03/2010,14500,
03/03/2010,14100,
02/03/2010,14500,
01/03/2010,15300,
26/02/2010,14500,
25/02/2010,13900,
24/02/2010,13700,
23/02/2010,13200,
22/02/2010,13100,
12/02/2010,12600,
11/02/2010,12600,
10/02/2010,11900,
09/02/2010,11600,
08/02/2010,11700,
05/02/2010,11900,
04/02/2010,12000,
03/02/2010,11900,
02/02/2010,12000,
01/02/2010,12000,
29/01/2010,12000,
28/01/2010,12300,
27/01/2010,12000,
26/01/2010,12600,
25/01/2010,12200,
22/01/2010,12000,
21/01/2010,12000,
20/01/2010,12000,
19/01/2010,12600,
18/01/2010,12300,
15/01/2010,12600,
14/01/2010,12600,
13/01/2010,12600,
12/01/2010,12600,
11/01/2010,12900,
08/01/2010,12700,
07/01/2010,12900,
06/01/2010,13200,
05/01/2010,14000,
04/01/2010,13600,
31/12/2009,12900,
30/12/2009,12900,
29/12/2009,12900,
28/12/2009,12700,
25/12/2009,12800,
24/12/2009,12600,
23/12/2009,12900,
22/12/2009,13400,
21/12/2009,13900,
18/12/2009,13600,
17/12/2009,12900,
16/12/2009,12600,
15/12/2009,12700,
14/12/2009,12000,
11/12/2009,11200,
10/12/2009,11900,
09/12/2009,11900,
08/12/2009,12600,
07/12/2009,12700,
04/12/2009,12600,
03/12/2009,12600,
02/12/2009,12400,
01/12/2009,12600,
30/11/2009,11900,
27/11/2009,11200,
26/11/2009,10500,
25/11/2009,11200,
24/11/2009,12000,
23/11/2009,12800,
20/11/2009,13400,
19/11/2009,13500,
18/11/2009,13500,
17/11/2009,13500,
16/11/2009,13900,
13/11/2009,14200,
12/11/2009,14100,
11/11/2009,13700,
10/11/2009,13400,
09/11/2009,14000,
06/11/2009,14800,
05/11/2009,15000,
04/11/2009,14200,
03/11/2009,14100,
02/11/2009,14900,
30/10/2009,15800,
29/10/2009,15800,
28/10/2009,16300,
27/10/2009,16400,
26/10/2009,16800,
23/10/2009,17000,
22/10/2009,16900,
21/10/2009,16600,
20/10/2009,17000,
19/10/2009,17000,
16/10/2009,17000,
15/10/2009,17300,
14/10/2009,17200,
13/10/2009,16200,
12/10/2009,16400,
09/10/2009,16200,
08/10/2009,16200,
07/10/2009,16200,
06/10/2009,16200,
05/10/2009,16200,
02/10/2009,16200,
01/10/2009,16700,
30/09/2009,17000,
29/09/2009,17000,
25/09/2009,17500,
24/09/2009,17000,
23/09/2009,17300,
22/09/2009,17300,
21/09/2009,17700,
18/09/2009,17700,
17/09/2009,17700,
16/09/2009,17800,
15/09/2009,16800,
14/09/2009,16700,
11/09/2009,16900,
10/09/2009,17000,
09/09/2009,17300,
08/09/2009,17300,
07/09/2009,17000,
04/09/2009,17300,
03/09/2009,17800,
01/09/2009,18000,
31/08/2009,18200,
28/08/2009,17900,
27/08/2009,17900,
26/08/2009,17900,
25/08/2009,18100,
24/08/2009,18300,
21/08/2009,18300,
20/08/2009,18100,
19/08/2009,18300,
18/08/2009,18300,
17/08/2009,18500,
14/08/2009,18600,
13/08/2009,18400,
12/08/2009,18300,
11/08/2009,18400,
10/08/2009,18700,
07/08/2009,18400,
06/08/2009,18500,
05/08/2009,18800,
04/08/2009,19000,
03/08/2009,18800,
31/07/2009,18600,
30/07/2009,17700,
29/07/2009,17900,
28/07/2009,18600,
27/07/2009,19200,
24/07/2009,18200,
23/07/2009,17100,
22/07/2009,16200,
21/07/2009,15900,
20/07/2009,16600,
17/07/2009,17700,
16/07/2009,18800,
,,
